Артикул,Ozon Product ID,FBO OZON SKU ID,FBS OZON SKU ID,Barcode,Наименование товара,Бренд,Статус товара,Видимость FBO,Причины скрытия FBO (при наличии),Видимость FBS,Причины скрытия FBS (при наличии),Дата создания,Коммерческая категория,"Объем товара, л","Объемный вес, кг","Доступно на складе Ozon, шт","Зарезервировано, шт","Доступно на моих складах, шт","Зарезервировано на моих складах, шт","Текущая цена с учетом скидки, руб.","Цена до скидки (перечеркнутая цена), руб.","Цена Premium, руб.","Рыночная цена, руб.",Актуальная ссылка на рыночную цену,"Размер НДС, %"
00-00000107,38484852,236896109,236896111,4626000000043,Сетевой фильтр ДИП 6 гн 3м белый,ДИП,Готов к продаже,Показывается,,Показывается,,2020-10-19 14:39:18,Сетевой фильтр бытовой (удлинитель),'1.95,'0.4,0,0,0,0,436.00,590.00,,,,20%
00-00000184,38484853,236886639,236886644,4626000000044,Сетевой фильтр ДИП 6 гн 4м белый,ДИП,Готов к продаже,Показывается,,Показывается,,2020-10-19 14:39:18,Сетевой фильтр бытовой (удлинитель),'1.95,'0.4,0,0,0,0,457.00,550.00,,,,20%
12683,51428809,226418689,226418693,,"Светильник ELVAN квадратный LED, 18W 3000К",Camelion,Не продается,Скрыт,Продажа копий и реплик запрещена на Ozon,Скрыт,Продажа копий и реплик запрещена на Ozon,2021-01-21 13:28:40,Светильник настенный,'8.02,'1.6,0,0,2,0,524.00,655.00,,584.00,https://vseinstrumenti.ru/electrika-i-svet/svetilniki/nastenno-potolochnye/nakladnye/camelion/led-12-vt-4500k-lbs-0501-12683,20%
12685,51428810,226418696,226418697,,"Светильник ELVAN квадратный LED, 6W 6000К",Camelion,Готов к продаже,Показывается,,Показывается,,2021-01-21 13:28:40,Светильник настенный,'18.25,'3.7,0,0,0,0,785.00,1031.00,,769.00,https://wildberries.ru/catalog/10274965/detail.aspx,20%
12684,51428811,226418684,226418685,,"Удлинитель СТАНДАРТ 3 гн 5м ПВС 2*0,75 б/з 3шт",Camelion,Продается,Показывается,,Показывается,,2021-01-21 13:28:40,Светильник настенный,'13.06,'2.6,0,0,2,0,790.00,1199.00,,843.00,https://wildberries.ru/catalog/10274966/detail.aspx,20%
12686,51428812,226418734,226418735,,"Удлинитель СТАНДАРТ 3 гн 10м ПВС 2*0,75 б/з",Camelion,Продается,Показывается,,Показывается,,2021-01-21 13:28:40,Светильник настенный,'8.02,'1.6,0,0,1,0,469.00,655.00,,469.00,https://vseinstrumenti.ru/electrika-i-svet/svetilniki/nastenno-potolochnye/nakladnye/camelion/led-12-vt-4500k-lbs-0601-12686,20%
