{
    "typeFilesWithFields": {
        "ym": {
            "dbFields": ["name", "retailPrice", "skuYm", "linkToImage",
             "description", "categoryInOurShope", "brand", "barcode", 
             "weightKg", "skuYm"],
            "excelNumbersColumns": ["D", "Z", "X", "E", "F", "G", "H", "I", "K", "C"],
            "tagName": "Ассортимент",
            "beginProductRowNumber": 5
        },
        "ozon": {
            "dbFields": ["name", "retailPrice", "brand", "barcode", "weightKg", "artOzon", "ndsOzon", "commTypeOzon"],
            "excelNumbersColumns": ["F", "U", "G", "E", "P", "A", "Z", "N"],
            "tagName": "products",
            "beginProductRowNumber": 2
        },
        "price_list": {
            "dbFields": ["code", "retailPrice", "quantityGoodsAtSupplier"],
            "excelNumbersColumns": ["A", "D", "E"],
            "tagName": "TDSheet",
            "beginProductRowNumber": 17
        },
        "ost_baza": {
            "dbFields": ["code", "retailPrice", "quantityGoodsAtSupplier"],
            "excelNumbersColumns": ["B", "D", "E"],
            "tagName": "Уютель LED+TL",
            "beginProductRowNumber": 2
        }
    },
    "dbFieldsForYml": {
        "ym" : [
        	"id",
            "name",
            "retailPrice",
	        "category",
	        "quantityGoodsAtOurStore"
        ],
        "ozon": [
        	"artOzon",
            "name",
	        "retailPrice",
	        "quantityGoodsAtOurStore"
        ]
    }
}